no,gender,birthdate,employmentstatus,annualsalary,taxfileno,name
483,M,7/1/1994,,64598,,"Lenord, Kihn"
478,F,5/6/1972,PE,124103,,"Palma, Beahan"
348,M,9/4/1990,PE,100324,,"Hebert, Muller"
757,M,9/23/1991,PE,144957,,"Virginia, Ullrich"
937,M,1/15/1997,,137659,,"Roby, Hudson"
264,,3/21/1994,PE,131924,,"Jaeda, Effertz"
165,F,1/7/1974,PE,101133,,"Jalissa, Bogisich"
211,M,9/5/1997,,106595,,"Lexie, Robel"
510,M,4/30/1977,,75300,,"Billy, Reilly"
940,F,5/5/1979,CA,140611,,"Marlana, Moen"
175,M,8/21/1986,PE,69271,,"Aja, Lynch"
772,M,1/12/1971,PE,141535,,"Jabez, McLaughlin"
950,F,7/28/1982,CA,97453,,"Adrienne, Stokes"
906,M,4/3/1979,PE,133971,,"Florene, O'Connell"
325,M,8/24/1992,PE,144271,,"Migdalia, Sauer"
194,,8/25/1987,PE,120120,,"Ace, Upton"
493,M,3/20/1991,PE,93442,,"Jelani, Quitzon"
901,,8/9/1985,CA,108287,,"Nikki, D'Amore"
712,F,10/27/1970,,95140,,"Yahir, Kertzmann"
936,F,12/23/1982,PE,143806,,"Marsha, Ledner"
327,M,6/28/1987,PE,145321,,"Amarion, Larkin"
431,,10/12/1982,PE,76354,,"Maynard, Zieme"
542,F,6/14/1995,,141463,,"Mat, Nienow"
78,F,4/9/1985,PE,72290,,"Brannon, Goldner"
90,F,7/21/1980,,91584,,"Zilpha, Kreiger"
855,F,2/7/1977,PE,96996,,"Carla, Witting"
621,F,8/9/1993,,128053,,"Saint, Hayes"
948,F,11/21/1990,,110341,,"Gerry, Kunze"
232,F,4/29/1971,TE,105555,,"Urijah, McClure"
377,M,3/30/1974,PE,59482,,"Malcolm, Schmitt"
458,F,4/7/1970,CA,72361,,"Desmond, Pfeffer"
171,F,7/18/1989,PE,109051,,"Hope, Zboncak"
163,F,10/26/1995,,63802,,"January, Balistreri"
409,F,4/17/1973,,55607,,"Brionna, Block"
88,F,11/3/1972,PE,141171,,"Zain, Franecki"
927,F,10/21/1999,PE,136524,,"Jaelynn, Corkery"
397,M,3/15/1983,PE,116407,,"Millicent, Moen"
289,F,5/24/1971,PE,144888,,"Jeryl, Lesch"
307,F,12/11/1982,PE,67961,,"Percival, Flatley"
982,,1/9/1978,PE,82041,,"Riley, Orn"
679,M,12/17/1996,PE,65039,,"Katelin, Huels"
700,M,9/26/1970,CA,62770,,"Jaiden, Hirthe"
911,M,3/23/1970,PE,98515,,"Hildred, McKenzie"
428,,3/22/1986,PE,135099,,"Mansfield, Mosciski"
609,F,10/27/1976,,71825,,"Alana, Gaylord"
442,M,4/15/1992,PE,75514,,"Kyrie, Sanford"
238,,9/20/1977,CA,111234,,"Addison, Sanford"
969,M,10/11/1979,PE,79230,,"Marget, West"
245,,12/30/1996,PE,74821,,"Gladis, Yost"
72,F,10/23/1981,PE,131899,,"Laisha, Collier"
829,M,11/8/1991,PE,56935,,"Shade, Runte"
900,F,5/10/1975,CA,90927,,"Kate, Blick"
586,F,5/10/1991,PE,97214,,"Barton, Stokes"
482,M,5/23/1986,TE,149219,,"Anibal, Dare"
932,M,10/27/1994,PE,137985,,"Lucia, Bogan"
337,M,1/22/1977,,125879,,"Omar, Beier"
561,F,1/19/1980,,58570,,"Kari, Conn"
22,M,5/6/1995,,56155,,"Rashawn, Wyman"
357,M,5/24/1980,CA,72575,,"Darby, Herzog"
990,,9/26/1993,PE,80038,,"Maryellen, Stanton"
151,M,12/10/1994,CA,130053,,"Ephram, Lindgren"
629,F,4/25/1986,PE,104727,,"Broderick, Mills"
725,M,8/3/1979,PE,84832,,"Lance, Ratke"
349,,7/24/1988,PE,72137,,"Kamora, Bednar"
241,F,1/30/1993,PE,126787,,"Jaclyn, O'Connell"
845,F,5/29/1986,,58755,,"Kayleen, Hodkiewicz"
194,F,1/11/1979,PE,118209,,"Trilby, Hartmann"
429,M,10/15/1997,PE,70102,,"Ernie, Harber"
38,M,9/29/1977,PE,136383,,"Duke, Krajcik"
687,F,10/4/1994,PE,129147,,"Columbia, Pacocha"
928,F,1/3/1974,,59444,,"Furman, Kiehn"
914,,12/18/1996,CA,146603,,"Phylicia, Gerlach"
840,F,5/22/1999,PE,138513,,"Vassie, Turcotte"
655,F,4/21/1978,PE,118809,,"Trey, Conn"
143,F,1/8/1985,PE,106096,,"Ilo, Mohr"
309,M,7/19/1998,,108311,,"Wilfred, Willms"
638,,8/25/1978,PE,86551,,"Crockett, Zieme"
156,F,8/7/1984,PE,75042,,"Armstead, O'Kon"
516,M,2/24/1984,,135153,,"Chuck, Watsica"
138,,10/5/1985,PE,124371,,"Nannette, Wintheiser"
845,M,8/27/1988,PE,80332,,"Shellie, Zboncak"
312,M,3/5/1978,PE,146229,,"Rylie, Bode"
971,F,8/7/1988,,141422,,"Phebe, Turcotte"
420,F,7/23/1980,PE,56124,,"Judi, Daugherty"
442,M,5/29/1991,PE,86608,,"Lavon, Kunze"
745,,10/2/1994,,112224,,"Norine, Bode"
592,,7/2/1994,,59113,,"Camisha, Casper"
144,,11/14/1996,PE,147941,,"Stanford, Roberts"
850,M,4/7/1983,PE,79429,,"Jeffry, Kreiger"
754,M,12/11/1976,PE,84343,,"Elige, Rempel"
444,M,1/17/1981,TE,90633,,"Justus, Ullrich"
657,F,7/8/1991,,142237,,"Juana, Russel"
835,M,7/2/1989,CA,125912,,"Zelia, Lakin"
503,M,8/6/1976,PE,135162,,"Socorro, Barrows"
287,F,6/6/1985,PE,133805,,"Jory, Tromp"
463,F,3/10/1984,PE,81377,,"Ellison, Bednar"
355,F,6/28/1990,PE,126923,,"Theodis, Ruecker"
829,M,7/15/1972,PE,96508,,"Halley, Armstrong"
130,,9/7/1981,TE,95193,,"Merwin, O'Keefe"
185,M,11/24/1978,TE,56029,,"Quint, Halvorson"
527,F,6/2/1989,PE,76154,,"Terrance, Schroeder"
850,,6/3/1978,TE,77865,,"Darryle, Stracke"
763,F,7/24/1974,TE,143664,,"Effa, Senger"
45,F,5/24/1973,PE,114153,,"Tilman, Welch"
45,M,7/6/1980,,89318,,"Manilla, Daniel"
88,M,12/29/1976,PE,130311,,"Gustie, Feest"
202,F,1/22/1993,PE,84858,,"Brandon, Yost"
327,M,11/1/1983,PE,62026,,"Byrd, Wintheiser"
373,F,4/8/1972,,119571,,"Alize, Murazik"
663,,1/13/1998,,98996,,"Rae, Wolf"
102,F,2/26/1977,PE,116332,,"Ramona, Reichert"
249,M,4/9/1978,PE,84094,,"Elmer, Reichert"
958,M,5/22/1992,PE,72408,,"Chantel, Shanahan"
293,M,1/27/1997,TE,73762,,"Rob, Hagenes"
221,M,9/15/1985,PE,59567,,"Devonte, Erdman"
105,M,3/22/1980,PE,72335,,"Lucetta, Kemmer"
387,M,7/24/1979,TE,138540,,"Ellsworth, Carter"
443,F,8/25/1980,PE,97981,,"Tristin, Shields"
683,F,6/7/1989,PE,68935,,"Wesley, Wiza"
144,M,9/20/1985,PE,132542,,"Gavin, Kuhic"
583,M,4/3/1977,PE,99941,,"Camila, Tillman"
504,M,8/14/1998,,134767,,"Dorla, Stark"
937,F,5/29/1975,PE,68156,,"Emeline, Klocko"
455,M,10/10/1991,TE,113122,,"Isamar, Grimes"
303,M,4/16/1993,,147018,,"Dennis, Cole"
66,M,7/17/1991,,106909,,"Ott, Huels"
813,F,3/7/1972,,110663,,"Rudolf, Paucek"
51,M,1/14/1989,PE,77949,,"Fleda, Botsford"
648,M,1/24/1970,PE,55559,,"Luella, Tromp"
911,F,6/21/1988,CA,125038,,"Landen, Predovic"
991,F,9/25/1971,PE,66400,,"Malvina, Cole"
301,M,10/14/1982,PE,109871,,"Garrison, Schulist"
622,M,11/5/1976,PE,93349,,"Dakotah, Kirlin"
104,M,9/11/1986,PE,84377,,"Cephus, Botsford"
31,M,8/28/1999,PE,117554,,"Syreeta, Altenwerth"
828,M,9/2/1993,PE,55366,,"Magdalena, Reichert"
728,F,4/27/1984,PE,119788,,"Matie, Lubowitz"
763,M,11/26/1984,,108015,,"Kiara, Gerlach"
360,F,8/27/1982,PE,126649,,"Jasmin, Willms"
483,F,7/8/1982,PE,105702,,"Desirae, Frami"
1,F,7/24/1976,PE,90613,,"Kitty, Ruecker"
512,F,4/10/1995,PE,120924,,"Cordell, Rempel"
41,F,5/24/1993,PE,110498,,"Gladyce, Kovacek"
102,F,2/13/1975,TE,109856,,"Stacey, Rice"
64,M,4/15/1995,PE,59985,,"Marcello, Yost"
569,F,1/21/1988,CA,77758,,"Angella, Harvey"
610,F,12/12/1990,PE,141549,,"Sidney, Johnson"
12,,1/26/1995,,57029,,"Efrain, Harber"
709,F,1/19/1995,,100518,,"Loula, Botsford"
196,M,10/19/1982,PE,142036,,"Ebb, Thiel"
486,F,10/25/1977,PE,147202,,"Gorden, Vandervort"
350,F,11/23/1996,,124359,,"Maci, Hilll"
222,F,9/22/1977,PE,145125,,"Goldia, Kulas"
446,F,2/9/1990,PE,70914,,"Warren, Corkery"
290,M,9/27/1981,PE,130890,,"Frieda, Barrows"
784,,1/2/1994,,92651,,"Vernie, Mann"
360,M,1/19/1979,,69366,,"Myles, Ritchie"
686,,5/16/1982,PE,136674,,"Harvy, Schmeler"
430,M,10/9/1997,PE,130936,,"Jaylynn, Kerluke"
867,,4/14/1971,PE,98806,,"Vicente, Veum"
921,,5/6/1982,TE,86325,,"Odis, Stracke"
898,,10/11/1989,PE,108635,,"Kristie, Ullrich"
505,F,12/10/1986,PE,119230,,"Lue, Von"
407,M,6/17/1988,TE,125274,,"Baylie, Conroy"
951,M,12/10/1986,,74274,,"Farris, Hirthe"
194,M,12/7/1999,CA,112990,,"Travon, Schmitt"
132,F,11/3/1996,PE,57474,,"Esmeralda, Nolan"
885,M,5/29/1980,PE,55153,,"Barnett, Schneider"
261,M,10/24/1983,PE,98869,,"Harley, Conn"
95,,5/6/1984,TE,103413,,"Hilah, Thompson"
141,M,11/21/1990,CA,115560,,"Bayard, Bartoletti"
215,M,4/9/1971,CA,132888,,"Pasquale, Boyle"
174,,1/15/1991,TE,56817,,"Devin, Reynolds"
137,,6/2/1990,PE,127923,,"Colette, Franecki"
525,M,7/7/1970,PE,89280,,"Semaj, Rowe"
769,F,5/24/1974,,66521,,"Madaline, Hammes"
610,M,9/23/1985,PE,148119,,"Americo, Hyatt"
875,,1/10/1981,TE,116517,,"Selmer, Vandervort"
410,,4/26/1997,TE,132390,,"Orren, Berge"
760,M,8/31/1980,CA,114870,,"Durwood, Prosacco"
235,,10/1/1973,PE,73881,,"Lakendra, Ruecker"
946,F,3/11/1983,PE,125503,,"Mustafa, Kreiger"
771,,5/11/1975,PE,96238,,"Ryleigh, Waters"
236,,12/29/1986,PE,73884,,"Boyd, Hirthe"
850,F,11/16/1995,PE,135303,,"Arnulfo, Dickens"
728,F,1/8/1996,PE,81050,,"Carmel, Shields"
626,,12/8/1997,PE,88767,,"Uriah, Schmidt"
493,F,10/7/1989,PE,59627,,"Manda, McKenzie"
424,M,7/7/1972,PE,96697,,"Oland, Bradtke"
540,,1/25/1984,PE,74124,,"Elisha, Haag"
167,,7/18/1991,PE,83793,,"Harmony, Welch"
54,F,3/14/1992,PE,94327,,"Clovis, Romaguera"
514,M,11/30/1996,PE,133041,,"Kenny, Shields"
333,M,4/28/1975,PE,57584,,"Gidget, Champlin"
757,M,1/2/1994,,97408,,"Leota, O'Keefe"
672,F,4/19/1975,TE,92351,,"Sedrick, Waelchi"
885,F,4/6/1992,PE,123140,,"Estela, Smitham"
135,,1/18/1984,PE,60778,,"Aletha, Konopelski"
217,M,7/11/1993,PE,62865,,"Alec, Spinka"
94,M,9/22/1973,CA,132089,,"Davonta, Hoppe"
384,M,3/23/1996,,106510,,"Felecia, Bednar"
536,F,5/27/1978,PE,117105,,"Edmund, Champlin"
428,F,7/26/1991,CA,133563,,"Georgeann, Gislason"
648,M,5/11/1994,,65167,,"Reina, Roob"
975,,11/23/1989,TE,66660,,"Evonne, McGlynn"
462,M,4/15/1971,,89444,,"Doris, Effertz"
332,F,2/7/1990,PE,58642,,"Kazuko, Abbott"
19,F,12/9/1987,,110155,,"Jalen, Considine"
531,F,6/17/1978,,68018,,"Sky, Schowalter"
232,,10/10/1987,PE,65128,,"Gaither, Jakubowski"
530,F,2/24/1976,PE,114085,,"Sullivan, Mueller"
763,F,12/9/1995,TE,110331,,"Virginia, Heaney"
93,F,7/29/1975,,78807,,"Wells, Wyman"
61,,2/3/1978,PE,98027,,"Florian, Beahan"
285,,1/30/1980,PE,130592,,"Merl, Wintheiser"
298,M,9/8/1989,PE,89080,,"Edwina, Aufderhar"
802,,10/13/1993,TE,75005,,"Hilton, Nienow"
172,,1/16/1979,,103891,,"Valentino, Borer"
945,F,9/1/1970,CA,140563,,"Shanelle, Rolfson"
426,M,1/6/1997,,56324,,"Christop, Frami"
945,F,2/15/1995,PE,65375,,"Twila, Dickinson"
286,,7/2/1996,CA,79999,,"Mickey, Hettinger"
272,M,10/6/1987,PE,85853,,"Leonora, Kirlin"
814,M,9/5/1984,PE,59078,,"Kendall, Kilback"
312,M,8/13/1990,PE,111836,,"Osborne, Bayer"
246,M,7/10/1999,PE,132499,,"Alwilda, Lueilwitz"
115,F,4/24/1975,,139469,,"Pandora, Goodwin"
222,M,5/22/1991,PE,146587,,"Lucie, Murphy"
499,M,3/26/1999,,80151,,"Evette, Marquardt"
827,M,3/15/1973,TE,148967,,"Venie, Becker"
409,M,9/13/1994,PE,98150,,"Rhea, Runolfsdottir"
992,F,11/2/1993,PE,94994,,"Aleta, Kessler"
106,F,10/20/1985,PE,86508,,"Bennie, Deckow"
858,F,11/14/1997,,113114,,"Larkin, Aufderhar"
613,M,6/8/1978,PE,90204,,"Leva, Berge"
242,F,12/18/1973,PE,112077,,"Milo, Sanford"
566,M,7/11/1986,PE,103794,,"Mia, Von"
532,F,4/6/1979,,73487,,"Sula, Funk"
293,,1/29/1982,PE,99258,,"Drury, Weissnat"
958,F,9/27/1977,PE,139409,,"Ottis, Wiegand"
296,M,10/14/1998,,125561,,"Verona, Padberg"
171,M,12/17/1996,TE,110838,,"Christa, Roob"
962,M,6/1/1996,PE,76389,,"Walton, Howell"
592,F,11/17/1982,TE,86095,,"Marsha, Price"
427,F,5/21/1984,PE,130710,,"Herbert, Brown"
896,,5/7/1989,TE,58196,,"Efrem, Cronin"
443,M,6/21/1992,,123502,,"Zadie, Gorczany"
240,F,7/19/1986,CA,65725,,"Melissa, Bode"
673,,9/29/1991,PE,148177,,"Aubrie, Kuphal"
875,F,10/5/1971,PE,109073,,"Ione, Jerde"
843,,11/12/1991,PE,72411,,"Lillian, Bogisich"
986,M,4/15/1981,PE,105395,,"Elmyra, Mertz"
482,M,12/31/1992,PE,99065,,"Fran, Pagac"
779,,8/17/1980,,62571,,"Bernard, Leuschke"
1,F,5/15/1990,,110182,,"Kimberley, Kuhic"
761,M,5/10/1984,PE,101162,,"Flor, Schamberger"
681,F,3/24/1991,PE,72679,,"Sebrina, Gibson"
732,F,6/16/1975,PE,65582,,"Dandre, Bartoletti"
383,F,2/5/1984,PE,108970,,"Jennie, Feeney"
764,F,12/3/1979,PE,67236,,"Marisela, Green"
763,M,5/13/1990,CA,77291,,"Corda, Wehner"
563,F,11/14/1993,PE,109525,,"Draven, Gleichner"
5,M,1/31/1983,PE,109251,,"Jamal, Cole"
411,F,8/10/1993,PE,92197,,"Jennette, Kemmer"
836,,8/2/1974,TE,127199,,"Tammy, Nolan"
707,F,3/23/1993,PE,117610,,"Ewell, Sawayn"
476,F,11/20/1970,PE,109910,,"Zack, Koch"
787,F,8/8/1994,PE,80748,,"Willow, Shields"
808,M,1/28/1971,PE,103177,,"Katharyn, Boyer"
202,M,5/8/1992,TE,146286,,"Delwin, Satterfield"
917,M,11/6/1980,TE,98247,,"Jeff, Jacobs"
795,M,10/21/1977,,102601,,"Ashlyn, Schinner"
454,F,4/8/1997,TE,147651,,"Carmen, Lind"
757,,5/31/1999,,90620,,"Toma, Leuschke"
403,F,4/15/1977,PE,60869,,"Audry, Dickinson"
785,F,7/13/1992,PE,77710,,"Bridgette, Ward"
948,M,4/25/1982,PE,84865,,"Dorsey, Runte"
439,M,2/28/1979,PE,89252,,"Jesenia, Nicolas"
919,F,7/2/1994,PE,140632,,"Gerda, Hane"
766,,11/29/1998,,71119,,"Jace, Russel"
678,,8/19/1979,PE,83360,,"Juliet, Hagenes"
301,M,2/18/1991,PE,58179,,"Leonore, Stroman"
905,M,6/1/1973,,66593,,"Devon, Kozey"
31,M,2/17/1990,PE,109005,,"Teddy, Rath"
469,F,3/17/1973,PE,120552,,"Patric, O'Hara"
687,,7/10/1998,,143318,,"Willie, Runte"
743,F,12/28/1986,PE,72467,,"Baker, Auer"
710,M,9/18/1985,PE,141040,,"Donato, Vandervort"
593,,11/5/1994,PE,117818,,"Syble, Ebert"
228,F,5/14/1997,PE,80860,,"Newt, Kertzmann"
748,F,8/30/1989,TE,81635,,"Nevin, Nicolas"
805,F,2/19/1981,CA,139040,,"Tommie, Kreiger"
46,F,7/18/1982,,81777,,"Tyrese, Eichmann"
841,F,3/24/1998,PE,149164,,"Kimber, Larson"
773,F,8/17/1982,,129734,,"Dijon, Brakus"
750,M,6/8/1999,PE,149146,,"Mozelle, Ullrich"
214,F,10/23/1975,PE,84614,,"Gail, Erdman"
779,M,8/2/1978,PE,55923,,"Alannah, Spencer"
373,M,4/15/1973,PE,93094,,"Almond, Waters"
710,F,9/24/1975,PE,92262,,"Eldred, Kshlerin"
645,M,5/17/1997,PE,98536,,"Clearence, Turner"
24,F,12/26/1993,PE,107325,,"Ariella, Runte"
845,F,8/2/1992,PE,144099,,"Wendel, Dibbert"
690,M,8/5/1997,PE,95954,,"Markel, Beer"
956,M,3/10/1973,PE,117500,,"Williemae, Nikolaus"
188,F,2/23/1990,PE,119342,,"Fenton, Block"
882,M,9/12/1981,PE,133983,,"Christeen, Borer"
105,M,5/23/1998,PE,139709,,"Christa, Buckridge"
486,M,6/21/1972,PE,103945,,"Kelby, Hessel"
520,,4/28/1984,CA,137270,,"Sky, Collins"
578,M,9/5/1997,,119569,,"Raheem, Rogahn"
892,,12/9/1981,PE,107375,,"Sonji, King"
696,M,8/14/1978,PE,59639,,"Marco, Heidenreich"
26,,1/6/1989,PE,101017,,"Albertus, Bernier"
520,F,1/19/1980,,89167,,"Hazel, Bruen"
965,F,6/9/1991,PE,80659,,"Janell, Heaney"
278,M,2/10/1973,PE,126556,,"Lorelei, Spencer"
892,F,2/25/1980,,124195,,"Oline, Hagenes"
49,F,11/10/1990,PE,124399,,"Jordyn, Connelly"
550,F,3/4/1972,PE,137960,,"Dove, Runolfsdottir"
259,,12/30/1980,PE,148413,,"Cain, Rath"
870,M,12/27/1990,PE,144102,,"Shaniece, Kovacek"
8,,8/5/1993,PE,66519,,"Alvy, Beahan"
74,F,2/26/1981,PE,85519,,"Marlin, Collins"
442,,2/15/1990,,67732,,"Jazmine, Goyette"
919,M,8/26/1983,PE,142240,,"Michial, Oberbrunner"
639,F,5/15/1970,,59796,,"Dulcie, Lemke"
611,M,12/26/1988,PE,83682,,"Weldon, Cronin"
279,F,9/7/1981,PE,125133,,"Alaina, Klocko"
445,F,3/14/1992,PE,113482,,"Woodson, Bins"
109,M,11/5/1999,PE,91335,,"Odin, Metz"
67,M,12/31/1983,,142081,,"Marcy, Schuppe"
462,M,7/1/1973,PE,74497,,"Maddux, Fahey"
976,,9/2/1993,PE,121833,,"Cinthia, Kutch"
69,,3/21/1995,PE,103204,,"Shaneka, Powlowski"
35,,9/19/1987,TE,59488,,"Virgia, Feil"
747,F,8/4/1987,PE,133905,,"Gladys, Morissette"
183,M,11/7/1984,,118215,,"Heyward, Mueller"
888,F,4/17/1988,,56176,,"Byrdie, Rolfson"
693,F,1/5/1975,PE,132437,,"Hakim, Towne"
611,F,1/11/1971,PE,107681,,"Deetta, Lowe"
77,,8/8/1993,PE,72896,,"Baldwin, Osinski"
276,M,9/8/1974,CA,73245,,"Hart, Kunze"
492,M,5/2/1997,PE,138471,,"Edwin, Graham"
202,,1/5/1970,CA,146723,,"Amarion, Tromp"
900,F,2/4/1994,TE,95099,,"Izaiah, West"
329,M,11/10/1987,CA,97618,,"Jailene, Lakin"
527,,3/26/1992,CA,120725,,"Dolly, Ryan"
436,,7/11/1981,PE,127531,,"Anahi, Will"
91,,4/15/1994,PE,90500,,"Ethelyn, Romaguera"
325,M,3/22/1994,TE,81518,,"Latifah, Howe"
208,F,3/12/1998,PE,107216,,"Nancie, Smith"
211,M,10/5/1979,PE,106761,,"Alyce, Haag"
583,,5/29/1982,PE,97761,,"Jayce, Kub"
460,F,8/27/1982,,124621,,"Abbey, Fahey"
886,F,9/14/1983,TE,95548,,"Baby, Towne"
960,,6/20/1972,PE,94692,,"Madonna, Schmeler"
533,,3/30/1983,PE,72979,,"Algernon, Spencer"
391,,6/27/1986,CA,128357,,"Iesha, Marvin"
749,,5/5/1978,,148713,,"Hartley, Harber"
825,M,7/26/1994,CA,83511,,"Loris, Volkman"
492,,2/11/1977,TE,67500,,"Sidney, Reilly"
619,,7/2/1988,,82779,,"Dijon, Kohler"
674,F,6/2/1986,PE,95014,,"Delpha, Frami"
578,M,6/25/1997,PE,102116,,"Lenord, Mraz"
713,M,4/1/1997,,97009,,"Ula, Rogahn"
411,,4/24/1981,PE,112817,,"Royal, Balistreri"
237,M,6/13/1984,TE,84218,,"Leora, Tromp"
10,F,1/3/1992,PE,71722,,"Pate, Weber"
957,M,2/24/1976,CA,91380,,"Damon, Rutherford"
307,F,7/31/1990,,79093,,"Colt, Schmitt"
101,M,3/31/1974,PE,91171,,"Khalilah, Flatley"
667,M,1/17/1982,PE,64141,,"Hymen, Kub"
195,M,3/16/1972,PE,55003,,"Mustafa, Emard"
963,F,12/6/1971,CA,116648,,"Burley, Lakin"
566,,1/28/1978,CA,111715,,"Minor, Bradtke"
212,F,5/5/1994,PE,104426,,"Fredy, Mraz"
922,M,1/17/1992,,91406,,"Errol, Pfeffer"
992,M,6/22/1980,PE,76005,,"Oda, Becker"
893,F,12/3/1978,PE,142787,,"Janiah, Little"
798,M,9/5/1991,PE,118143,,"Clinton, Morar"
503,,10/23/1989,,111033,,"Patrick, Boehm"
580,M,5/16/1997,PE,72516,,"Rashaan, Mills"
813,F,12/5/1988,PE,63915,,"Laura, Hartmann"
812,F,10/21/1996,PE,139171,,"Sincere, Russel"
491,M,2/24/1987,PE,142266,,"Chelsi, Parisian"
866,F,8/26/1978,PE,128460,,"Nadine, Bednar"
389,M,2/2/1971,CA,149507,,"Skyla, Kris"
808,M,4/13/1976,PE,67831,,"Aleah, Bosco"
269,M,1/21/1979,PE,76933,,"Mabel, VonRueden"
116,,9/21/1995,,96590,,"Dionte, Hettinger"
206,F,6/15/1997,PE,146257,,"Ardell, Swift"
89,,1/22/1984,TE,129460,,"Yuridia, Rodriguez"
686,M,2/16/1976,PE,124095,,"Jedidiah, Carroll"
429,M,6/12/1973,,138064,,"Izetta, Keeling"
235,M,10/19/1998,TE,125441,,"Eugenie, Senger"
450,M,12/2/1982,PE,75423,,"Carrol, Little"
714,F,11/9/1985,PE,94445,,"Sylvan, Spinka"
299,F,7/21/1989,,109310,,"Alvin, Marvin"
556,M,2/19/1983,TE,70487,,"Kahlil, Glover"
187,F,11/14/1972,PE,118431,,"Audie, Weimann"
24,F,3/11/1984,PE,93348,,"Abbott, Rippin"
350,M,9/9/1981,PE,87829,,"Wanda, Cartwright"
165,M,4/16/1971,PE,66507,,"Bennett, Bahringer"
643,M,9/29/1975,PE,149108,,"Stella, Homenick"
794,M,10/23/1984,PE,97560,,"Daniel, Zboncak"
274,F,4/16/1979,TE,122286,,"Salina, Hammes"
366,M,5/14/1983,PE,65156,,"Jaimee, Ryan"
552,,12/27/1995,PE,123683,,"Sydni, Rutherford"
997,F,1/2/1971,PE,101940,,"Andrew, Schulist"
376,F,8/31/1980,PE,146364,,"Kyle, Ankunding"
622,F,10/27/1978,PE,146836,,"Marley, Okuneva"
296,,10/12/1984,CA,85347,,"Isiah, Crist"
659,M,2/4/1987,TE,62908,,"Tatyana, Cassin"
511,M,5/29/1993,PE,122923,,"Mace, Cormier"
870,F,1/20/1979,TE,75846,,"Jacquez, Gutmann"
852,,12/4/1979,PE,109846,,"Alston, Bauch"
457,M,12/2/1995,CA,148552,,"Kaelynn, Pollich"
751,F,8/1/1983,PE,126294,,"Brooke, Morar"
132,M,1/27/1986,PE,137921,,"Keira, Lubowitz"
966,M,5/27/1998,CA,64259,,"Donal, Fay"
11,M,1/1/1990,PE,148038,,"Buna, Connelly"
691,F,7/14/1986,PE,125873,,"Georgie, Friesen"
346,M,3/6/1994,,55958,,"Albertus, Littel"
482,,4/2/1989,CA,124691,,"Rahn, Gusikowski"
707,M,9/18/1996,,80722,,"Leesa, Friesen"
110,,12/21/1977,PE,122444,,"Metta, Trantow"
606,M,12/12/1996,,60367,,"Stafford, King"
581,M,10/7/1990,TE,135521,,"Tobi, Cummings"
491,M,7/5/1982,PE,56568,,"Cherelle, Waelchi"
304,M,7/16/1975,TE,100401,,"Iesha, Franecki"
75,M,7/15/1978,PE,88653,,"Donat, Ryan"
483,F,12/13/1973,PE,100176,,"Melissia, Strosin"
892,M,10/12/1972,CA,83549,,"Celestine, Walker"
332,M,5/14/1977,CA,118206,,"Alston, Grimes"
447,F,11/4/1993,PE,94327,,"Francies, Schoen"
713,,3/22/1990,PE,72666,,"Kaci, Berge"
541,M,12/7/1976,PE,70316,,"Claire, Kiehn"
92,F,8/16/1990,PE,101786,,"Love, Bode"
587,,10/4/1970,PE,145960,,"Sherrie, Hudson"
766,M,7/31/1982,CA,130472,,"Johathan, Cruickshank"
85,,7/24/1970,PE,135774,,"Galilea, Waters"
667,F,3/6/1972,PE,117011,,"Tasia, Nitzsche"
138,M,12/19/1987,,138387,,"Freddie, Emmerich"
812,,8/13/1981,,89921,,"Kayley, Walker"
910,M,3/9/1978,CA,106724,,"Violet, Metz"
499,M,3/8/1995,PE,117399,,"Cheyanne, Wiza"
814,F,7/24/1989,PE,126979,,"Jarrod, Williamson"
762,F,5/24/1999,PE,117449,,"Dolores, Trantow"
377,M,4/8/1984,PE,93686,,"Corry, Wehner"
607,,12/11/1994,PE,92292,,"Taj, Cole"
160,,6/17/1976,PE,115752,,"Denice, Hayes"
112,F,1/31/1990,PE,89048,,"Elease, Torp"
87,F,7/2/1993,PE,133519,,"Citlalli, Dach"
880,M,5/28/1990,PE,111792,,"Shelly, Konopelski"
501,F,5/31/1990,CA,137343,,"Raquan, Schmeler"
447,,10/23/1981,CA,119484,,"Marin, Schowalter"
235,M,6/5/1981,PE,89670,,"Melody, Farrell"
894,M,10/6/1994,PE,86863,,"Virgie, Bradtke"
718,M,2/25/1994,PE,66430,,"Lindy, Gottlieb"
57,F,7/23/1988,,85210,,"Odie, Veum"
870,M,7/29/1995,PE,68520,,"Dillan, Turcotte"
71,F,9/3/1970,TE,119641,,"Bobbie, Kessler"
418,F,3/29/1980,PE,55033,,"Doreen, Baumbach"
707,F,12/31/1970,,94938,,"Erling, Nienow"
723,M,10/22/1987,PE,106398,,"Williemae, Wilkinson"
692,M,5/6/1977,PE,132677,,"Val, Schmitt"
712,F,5/21/1975,PE,135791,,"Damian, Marvin"
686,M,8/15/1975,PE,62393,,"Charlsie, Hirthe"
144,F,4/24/1975,CA,72866,,"Tracey, Lebsack"
656,M,3/1/1977,CA,64781,,"Isabel, Hilpert"
999,M,11/12/1983,PE,142838,,"Maceo, Wisoky"
606,M,3/30/1989,PE,64124,,"Jonell, Frami"
57,,9/18/1976,PE,95690,,"Shelli, Hettinger"
692,M,1/5/1992,CA,72160,,"London, Denesik"
62,F,3/1/1977,TE,132528,,"Ivonne, Langworth"
515,F,12/15/1973,PE,66031,,"Adelard, Abshire"
419,F,12/18/1998,PE,143991,,"Royal, Leffler"
565,F,10/31/1988,PE,128329,,"North, McLaughlin"
573,F,3/5/1976,PE,131800,,"Laverne, Schiller"
398,F,12/16/1982,CA,149717,,"Chase, Goyette"
318,M,8/27/1974,CA,95112,,"Makena, Heidenreich"
606,F,7/25/1981,PE,111104,,"Lorrie, Crist"
364,M,12/19/1981,TE,121109,,"Korbin, Ondricka"
607,F,6/21/1992,PE,65658,,"May, Doyle"
222,M,6/15/1998,PE,131562,,"Elodie, Heller"
477,M,1/29/1974,PE,100052,,"Nathaly, Adams"
954,F,7/10/1981,PE,61076,,"Margarite, Cassin"
743,F,11/21/1981,PE,138431,,"Zack, Kling"
606,M,11/13/1979,TE,61581,,"Vela, Lueilwitz"
225,F,5/5/1976,PE,70382,,"Michaela, Sanford"
997,M,6/21/1990,,80734,,"Brook, Turner"
275,F,10/2/1992,PE,62066,,"Moody, Fritsch"
266,F,3/26/1980,CA,87001,,"Giovani, Friesen"
924,F,6/19/1996,PE,100116,,"Takisha, Stanton"
863,F,5/25/1995,CA,96924,,"Eileen, Boyle"
681,F,3/29/1970,TE,86467,,"Triston, Yundt"
942,,10/15/1986,,63683,,"Kaiya, Legros"
10,M,8/3/1990,,61597,,"Saige, Casper"
884,M,11/3/1989,,123759,,"Pablo, Bogan"
901,M,8/30/1993,PE,73623,,"Lary, Krajcik"
630,M,12/1/1974,,100923,,"Iola, Hilpert"
219,M,4/7/1992,PE,67066,,"Vicente, Wiegand"
476,,6/17/1975,TE,88637,,"Jerrilyn, Jakubowski"
597,,10/7/1982,PE,83065,,"Tessa, Howell"
500,,6/13/1994,PE,89393,,"Torrance, Hahn"
353,,1/26/1997,PE,143397,,"Gigi, Heathcote"
345,M,4/15/1981,,92701,,"Jajuan, Leffler"
261,F,7/19/1971,PE,67132,,"Garey, Vandervort"
624,F,4/19/1993,TE,85681,,"Serenity, Senger"
747,M,10/25/1988,,70673,,"Vernia, Ritchie"
762,M,11/3/1980,PE,59300,,"Geary, Nienow"
387,F,7/30/1978,PE,67147,,"Iva, Green"
824,M,8/22/1996,PE,72960,,"Kami, Langworth"
65,F,12/16/1992,PE,99575,,"Faith, Becker"
662,F,5/1/1977,PE,73338,,"Sherwin, Witting"
462,M,6/12/1999,PE,80458,,"Penelope, Crona"
341,,12/9/1996,PE,60112,,"Helena, Runte"
161,,9/30/1991,PE,115523,,"Zion, Cronin"
708,M,2/21/1975,PE,132691,,"Opal, Koelpin"
997,M,12/5/1972,PE,114085,,"Agusta, Emmerich"
687,F,3/25/1994,CA,128960,,"Christa, King"
213,F,4/27/1990,TE,104808,,"Lyn, Bechtelar"
544,M,6/1/1992,TE,99501,,"Karol, Parisian"
553,F,10/19/1976,PE,71013,,"Brandi, Klein"
885,F,8/25/1987,CA,141046,,"Elvis, Medhurst"
799,F,8/15/1985,PE,107976,,"Clemens, Heathcote"
846,M,12/22/1974,PE,108288,,"Cleo, O'Kon"
302,F,8/8/1983,,123021,,"Vernell, Schmidt"
878,F,6/29/1997,TE,91829,,"Monnie, Mante"
33,,9/30/1984,PE,70648,,"Brittnay, Yundt"
866,F,3/4/1985,CA,84403,,"Corinna, Parker"
90,F,10/30/1972,CA,144889,,"Greyson, Bruen"
801,,4/3/1995,PE,97902,,"Kazuko, Bechtelar"
645,F,5/20/1973,,108400,,"Kayley, Predovic"
464,F,9/9/1997,PE,140536,,"Texanna, Rohan"
739,,1/7/1988,,121689,,"Camille, Renner"
586,F,10/15/1973,,87397,,"Arianna, Gorczany"
148,M,4/24/1973,CA,76386,,"Celeste, Bernhard"
957,,7/6/1998,PE,91047,,"Nettie, Monahan"
353,M,7/24/1992,,62438,,"Annika, Runte"
328,F,2/4/1990,PE,141310,,"Otha, Keebler"
446,M,10/25/1987,PE,144382,,"Jan, Fahey"
583,F,12/4/1978,PE,110306,,"Wally, Cremin"
143,M,4/21/1980,TE,68804,,"Miranda, Hagenes"
326,,11/16/1995,PE,79047,,"Mandy, Greenfelder"
449,F,9/10/1982,,111819,,"Tyquan, Sanford"
806,M,8/31/1978,PE,76691,,"Clair, Stokes"
846,F,12/16/1993,CA,73547,,"Rutha, Emmerich"
360,,12/4/1971,PE,73087,,"Claud, Schultz"
492,,7/12/1994,,61888,,"Claudine, O'Conner"
430,M,12/28/1977,PE,97293,,"Joseph, Reynolds"
476,M,9/27/1979,PE,68661,,"Lamonte, Rolfson"
12,M,4/21/1979,PE,126664,,"Alesia, Hirthe"
395,F,9/13/1981,PE,109730,,"Abie, Kuhn"
631,F,3/26/1987,PE,112854,,"Becky, Murazik"
80,M,12/7/1999,PE,84398,,"Zelpha, White"
517,M,8/1/1998,PE,119391,,"Alice, Doyle"
617,,12/27/1994,PE,139864,,"Rickey, Aufderhar"
387,F,9/22/1980,PE,118124,,"Jalen, Waters"
782,M,11/6/1987,PE,91591,,"Harmony, Witting"
386,,2/13/1997,,69926,,"Delmas, Daugherty"
541,,3/19/1973,,98816,,"Ruth, Eichmann"
682,F,1/29/1990,PE,130551,,"Shawanda, Harber"
8,F,11/9/1981,PE,61536,,"Paola, Kilback"
374,F,8/31/1971,PE,86943,,"Birt, Farrell"
362,F,1/18/1983,PE,82091,,"Janyce, Yundt"
372,F,7/25/1975,CA,140239,,"Mauricio, Bergnaum"
445,,1/21/1977,PE,56414,,"Darrius, Roberts"
607,,11/21/1988,PE,138378,,"Garvin, Hermann"
984,M,8/14/1978,PE,81751,,"Felicity, Renner"
762,M,3/12/1982,,120954,,"Jerica, Sauer"
615,F,12/12/1997,PE,67230,,"Kyleigh, Rutherford"
270,F,9/23/1998,PE,107869,,"Loula, Hahn"
817,F,7/23/1971,,96147,,"Lacey, Dickens"
456,M,10/29/1981,PE,105854,,"Denine, Crona"
765,,1/10/1989,PE,120225,,"Hildur, Marvin"
428,M,5/30/1987,,96431,,"Salomon, Carter"
951,M,2/9/1988,,77892,,"Emery, Steuber"
289,M,3/22/1974,PE,102185,,"Uriah, Bashirian"
705,F,3/6/1999,PE,68773,,"Kathyrn, Balistreri"
37,M,10/12/1977,,132173,,"Jolette, Marks"
185,M,7/20/1991,PE,129998,,"Wally, Hirthe"
939,M,6/12/1988,PE,71052,,"Kennard, Hintz"
695,F,1/26/1998,PE,121793,,"Mack, Nolan"
288,M,9/6/1996,PE,64643,,"Rubie, Hartmann"
244,M,8/13/1982,PE,123711,,"Helene, Medhurst"
725,F,12/28/1973,PE,123331,,"Nova, Klein"
227,M,3/8/1988,CA,148436,,"Leone, Upton"
676,M,1/24/1981,,96862,,"Jaelynn, Morissette"
480,,2/19/1988,PE,126906,,"Jarrad, Schmitt"
251,,2/16/1998,PE,76057,,"Burnie, Marvin"
513,M,1/12/1994,PE,130685,,"Devyn, O'Conner"
281,F,8/5/1970,,123387,,"Alston, Davis"
216,M,4/11/1994,CA,118945,,"Jazlyn, Davis"
979,M,10/23/1995,PE,138214,,"Emery, Conn"
48,M,11/13/1994,PE,67369,,"Ruffin, Medhurst"
632,M,10/22/1982,PE,71172,,"Sharonda, Doyle"
793,M,2/15/1978,PE,121461,,"Laurene, Kohler"
967,,6/5/1992,PE,127460,,"Novella, Streich"
110,,11/11/1973,TE,86686,,"Benny, Jenkins"
310,M,9/7/1994,PE,91941,,"Tolbert, Trantow"
914,M,6/15/1991,PE,68168,,"Tab, Zulauf"
284,F,5/5/1991,PE,131460,,"Francies, McGlynn"
310,F,4/20/1996,PE,136082,,"Sammy, Dickinson"
509,,10/12/1981,PE,134268,,"Clemens, West"
520,,9/7/1991,TE,148916,,"Olan, Homenick"
282,M,12/29/1973,PE,118954,,"Waymon, Bauch"
721,M,7/31/1989,CA,121109,,"Hasel, Leannon"
424,,10/5/1991,TE,64107,,"Gaylon, Fadel"
277,F,6/23/1993,,67357,,"Rosanne, Heathcote"
475,M,11/15/1994,CA,71706,,"Abe, Schultz"
963,F,1/16/1988,PE,85676,,"Bea, Lueilwitz"
82,M,8/24/1993,TE,132854,,"Rennie, Koch"
400,M,11/1/1979,PE,86648,,"Adonis, Kessler"
627,M,12/21/1979,,139549,,"Edwin, Abbott"
317,M,7/4/1974,,89660,,"Arthur, Beatty"
126,F,4/30/1995,PE,134165,,"Ulises, Nicolas"
673,F,7/29/1980,PE,74930,,"Demian, Barrows"
818,M,1/23/1988,PE,120223,,"Racheal, Funk"
509,M,10/18/1975,CA,142874,,"Kendall, Harvey"
313,,7/30/1987,TE,129422,,"Danette, Ward"
392,F,7/16/1983,TE,103352,,"Karma, Shields"
632,,5/27/1997,PE,146708,,"Linette, Mante"
303,,2/20/1972,TE,127189,,"Martell, Kassulke"
82,,9/13/1995,PE,55602,,"Gwyneth, Prosacco"
928,,1/19/1973,PE,136394,,"Domenico, Howe"
318,F,6/23/1981,PE,69093,,"Bev, Schuster"
160,M,4/29/1997,PE,128330,,"Zita, Hermiston"
672,M,9/4/1990,PE,85872,,"Fannie, Lemke"
548,M,2/17/1997,PE,80200,,"Francine, Mayer"
733,,11/14/1978,PE,66934,,"Lilla, Blanda"
21,M,6/8/1983,PE,59553,,"Elaine, Barrows"
428,F,6/29/1998,PE,98535,,"Marylee, Schimmel"
109,M,6/23/1970,PE,84979,,"Joselyn, Schmeler"
66,F,7/16/1974,PE,122832,,"Savilla, Bernier"
184,M,3/22/1997,CA,86222,,"Sheree, Morar"
366,,2/4/1981,TE,74381,,"June, Hamill"
410,F,6/8/1975,PE,118838,,"Johan, Haag"
277,F,8/20/1985,PE,106218,,"Bliss, Abshire"
489,F,12/22/1994,PE,111818,,"Karma, Herman"
368,F,1/8/1986,PE,61724,,"Celia, Konopelski"
826,F,5/17/1995,PE,60911,,"Braydon, Ritchie"
514,F,5/23/1984,CA,133279,,"Mickey, Pagac"
177,M,2/22/1997,,71107,,"Carmelita, Bednar"
438,M,8/7/1974,PE,73455,,"Gracelyn, Friesen"
263,M,11/13/1988,TE,121555,,"Lorrayne, Volkman"
779,F,6/18/1981,CA,85500,,"Codey, Nitzsche"
631,M,7/1/1975,,116626,,"Milan, O'Conner"
108,M,1/24/1990,PE,106103,,"Myrta, Kuvalis"
208,M,8/9/1979,CA,139741,,"Minerva, Sawayn"
634,,3/2/1974,PE,91252,,"Corina, Schowalter"
575,,10/25/1971,PE,115611,,"Qiana, Gutkowski"
789,M,8/20/1990,,136597,,"Reid, Tromp"
981,F,5/8/1994,PE,64265,,"Keanna, Nicolas"
76,M,6/18/1984,,56856,,"Wilhelm, Halvorson"
627,F,7/13/1978,PE,72830,,"Alphonsine, Bode"
484,M,6/19/1973,PE,93551,,"Aryana, Hammes"
193,M,9/30/1974,PE,76056,,"Imanol, Streich"
570,,4/18/1979,,70581,,"Corda, Lowe"
983,F,11/6/1987,PE,80392,,"Rosendo, Rau"
473,M,5/14/1970,,117924,,"Misti, Hammes"
744,M,9/4/1984,CA,81133,,"Ivory, Mante"
34,M,11/18/1992,CA,125785,,"Aimee, Sauer"
99,F,5/1/1975,,88848,,"Austin, Hahn"
257,F,12/9/1987,CA,149999,,"Vergie, Tremblay"
142,F,8/12/1985,,119416,,"Ashby, Waelchi"
172,M,9/13/1994,PE,113470,,"Medora, Wisoky"
924,M,12/9/1970,TE,71623,,"Ocie, Lakin"
632,M,11/13/1986,,103524,,"Josephus, Collier"
267,M,11/17/1975,PE,108276,,"Karlee, Labadie"
391,F,2/6/1972,CA,149482,,"Raekwon, Kuhn"
673,M,7/24/1994,,115672,,"Haleigh, Herzog"
472,M,7/25/1998,PE,143599,,"Johny, Volkman"
438,M,1/15/1997,PE,138655,,"Blanchard, Ryan"
222,,5/17/1988,,134281,,"Yaakov, Skiles"
335,,9/13/1973,,76351,,"Antionette, Morar"
535,F,6/20/1973,TE,110082,,"Armani, McClure"
46,F,5/10/1986,PE,112824,,"Nevada, Kunde"
824,F,10/10/1996,TE,123597,,"Brendan, Block"
47,M,8/15/1972,CA,102541,,"Deasia, Herzog"
398,F,10/11/1973,PE,103230,,"Alene, Kuvalis"
498,,10/20/1987,CA,119208,,"Christion, Jones"
717,F,9/5/1985,PE,70770,,"Helyn, Fadel"
805,,6/25/1989,PE,77772,,"Blanche, Abernathy"
983,M,3/25/1999,CA,97350,,"Gerald, Pfeffer"
919,F,8/12/1978,PE,109318,,"Carter, Howe"
353,F,1/1/1991,PE,119933,,"Hayden, Koepp"
900,,6/11/1977,PE,77769,,"Encarnacion, Hand"
835,M,10/31/1984,PE,72145,,"Vikki, Schiller"
758,M,2/1/1987,,67180,,"Avis, Hayes"
108,M,11/4/1999,TE,73793,,"Meryl, Wunsch"
900,F,2/7/1977,TE,118016,,"Talmage, Kirlin"
297,M,4/24/1988,CA,67216,,"Clemmie, Crist"
837,F,6/6/1982,PE,109382,,"Nikhil, Lemke"
413,F,1/17/1970,PE,55726,,"Keeley, Conroy"
791,F,12/20/1995,,110038,,"Asia, Hane"
551,F,4/25/1988,,89713,,"Arden, Hoeger"
175,,11/24/1994,CA,115644,,"Melton, Sporer"
344,F,1/24/1975,PE,107074,,"Elyse, Stroman"
94,F,10/29/1991,PE,119930,,"Samara, Erdman"
188,M,9/21/1992,PE,61106,,"Gracie, Shanahan"
867,F,4/29/1990,PE,81093,,"Greta, Dickinson"
291,M,5/30/1975,,86358,,"Solomon, Ziemann"
273,,3/17/1990,PE,81471,,"Davis, Price"
744,F,3/29/1986,PE,142546,,"Viridiana, Beahan"
961,F,3/31/1974,,145884,,"Meryl, Hammes"
570,F,8/13/1997,PE,94717,,"Chimere, Wunsch"
453,F,10/24/1976,PE,98550,,"Lucretia, Mante"
446,F,7/11/1975,PE,146795,,"Kristian, Heidenreich"
358,,3/2/1994,,59924,,"Payton, Homenick"
270,,12/27/1986,PE,133069,,"Rigoberto, Swift"
348,F,3/9/1987,PE,64381,,"Tiffanie, Hessel"
410,M,12/8/1994,PE,129714,,"Emeline, Jast"
343,M,9/2/1998,PE,146067,,"Eldred, Hahn"
204,,4/20/1991,,90609,,"Selah, Pfeffer"
866,M,12/23/1989,PE,94897,,"Park, Harber"
116,M,6/13/1981,,140226,,"Eboni, Feest"
520,M,5/8/1976,PE,129020,,"Inga, Boehm"
198,M,11/17/1992,,146126,,"Acy, Paucek"
937,M,6/24/1971,PE,141575,,"Rylan, Stroman"
675,M,8/21/1978,PE,137376,,"Madden, Hessel"
50,M,5/15/1987,,101898,,"Lavada, Schmidt"
784,,9/30/1987,PE,75235,,"Julisa, Murazik"
554,M,6/21/1999,PE,87662,,"Denisha, Price"
941,F,7/2/1985,,142567,,"Jose, Breitenberg"
889,,4/4/1973,CA,116101,,"Hollie, Muller"
327,M,8/3/1986,PE,64245,,"Renea, Erdman"
847,,5/29/1986,PE,119370,,"Dequan, Brown"
512,M,9/20/1981,PE,89122,,"Sybilla, Kreiger"
163,M,8/13/1989,,134033,,"Ester, Emmerich"
98,,6/13/1987,PE,128497,,"Carmen, Macejkovic"
110,F,5/24/1982,PE,141991,,"Julie, Wiegand"
167,M,8/20/1980,PE,103003,,"Nick, Little"
326,F,5/13/1984,PE,60045,,"Denton, Becker"
351,F,12/14/1980,PE,101337,,"Kurt, Nikolaus"
352,,1/12/1991,,59530,,"Austin, Collins"
743,F,7/5/1990,PE,87137,,"Katerina, Runolfsson"
569,,11/11/1973,PE,100056,,"Fernanda, Anderson"
36,M,3/3/1989,CA,110429,,"Ardell, Von"
684,F,4/15/1972,PE,124780,,"Ethelbert, Koch"
84,M,2/22/1981,PE,123656,,"Akeelah, Kris"
157,,11/1/1973,PE,64181,,"Shana, Prosacco"
474,,5/9/1990,PE,140852,,"Carey, Harber"
12,M,11/26/1999,,135046,,"Ursula, Wintheiser"
124,,1/9/1987,PE,62046,,"Alaina, Hilpert"
12,M,2/13/1976,,137513,,"Javion, Moore"
427,F,4/14/1981,TE,122762,,"Kelsey, Feil"
414,M,3/12/1988,TE,134422,,"Almeda, Murazik"
237,,5/9/1975,,59596,,"Lauri, Hodkiewicz"
445,F,3/21/1978,,80301,,"Octavia, Cormier"
439,M,9/14/1998,,85697,,"Esther, Cartwright"
253,F,4/30/1982,,75082,,"Margot, Connelly"
558,M,8/22/1986,PE,122011,,"Monroe, Pacocha"
705,M,1/26/1982,PE,104313,,"Elmo, Jacobson"
208,,10/20/1999,CA,85879,,"Jedidiah, Zieme"
51,M,1/5/1982,PE,69904,,"Berkley, Nader"
36,F,9/6/1971,,113541,,"Einar, Beier"
780,M,4/22/1990,,120179,,"Casen, Rowe"
996,F,3/4/1980,PE,92815,,"Linnie, Larson"
366,M,5/14/1984,TE,84829,,"Karel, McLaughlin"
892,M,8/29/1975,PE,115004,,"Theta, Kirlin"
745,F,8/11/1996,,74834,,"Anjanette, Marvin"
537,,1/5/1993,,89101,,"Clarence, Kemmer"
98,F,12/18/1992,CA,149322,,"Leroy, Kuhic"
527,M,5/12/1970,CA,132233,,"Aurora, Fritsch"
780,M,9/30/1994,CA,120558,,"Destiny, Kirlin"
558,M,11/21/1994,,66572,,"Miley, Kshlerin"
797,,3/24/1996,,121953,,"Corinne, Becker"
130,M,12/20/1976,PE,59579,,"Oney, Purdy"
735,,2/4/1971,,126723,,"Davon, Conn"
490,F,1/2/1985,PE,71364,,"Chace, Crist"
971,,3/7/1977,PE,130542,,"Elvis, Bosco"
31,,10/5/1970,,80945,,"Jory, Waters"
285,,3/26/1997,PE,76698,,"Pennie, Goodwin"
609,,12/7/1993,PE,82997,,"Arbie, Wiza"
370,M,1/10/1975,,81277,,"Theresa, Gulgowski"
340,M,8/18/1979,TE,85492,,"Osie, Bruen"
160,,9/14/1977,PE,78564,,"Kelley, Stiedemann"
646,,1/25/1997,PE,103012,,"Nova, Predovic"
841,M,3/23/1982,PE,106169,,"Annamarie, Blanda"
39,F,6/25/1987,PE,58922,,"Gilda, Gerlach"
759,,3/31/1991,PE,139412,,"Selene, Grady"
520,,8/9/1976,CA,121419,,"Kasey, Christiansen"
635,F,7/29/1988,PE,140096,,"Lolita, Kuvalis"
753,M,1/23/1987,PE,92728,,"Jayne, Blanda"
245,M,12/29/1970,PE,73523,,"Rico, Wilderman"
177,M,7/30/1980,PE,64689,,"Alena, Johns"
668,,10/20/1991,PE,95436,,"Lorinda, Rogahn"
329,F,3/13/1985,CA,117526,,"Elizabet, Dickinson"
954,M,6/24/1987,TE,143630,,"Carin, Prosacco"
449,F,8/17/1976,PE,66967,,"Eugenia, Will"
457,M,12/26/1993,CA,64114,,"Dorathy, Senger"
522,M,5/13/1975,,117537,,"Sannie, White"
928,M,11/20/1993,PE,109456,,"Ottis, Collier"
702,,6/1/1994,PE,121203,,"Clella, Greenholt"
845,M,3/2/1986,TE,98922,,"Candace, Predovic"
232,F,4/10/1991,TE,144022,,"Marland, Bayer"
411,F,4/22/1978,PE,132509,,"Brody, Hegmann"
965,M,8/27/1994,,115256,,"Sudie, Mayert"
541,M,7/11/1979,PE,143222,,"Madalyn, Dach"
983,M,6/27/1981,PE,98427,,"Randell, Dickens"
260,,1/21/1985,PE,93850,,"Hillard, Aufderhar"
5,M,1/16/1998,PE,88315,,"Carly, Ratke"
953,M,12/24/1973,PE,72630,,"Pleas, Flatley"
600,M,9/5/1972,PE,119049,,"Ewell, Hammes"
462,M,1/15/1975,PE,57771,,"Helena, Denesik"
725,M,2/11/1972,TE,76070,,"Corene, Boehm"
520,,1/29/1975,PE,133131,,"Octavio, Emard"
279,,1/30/1979,PE,113984,,"Jarod, Jerde"
745,F,7/29/1973,PE,115953,,"Tremaine, Stanton"
154,M,12/3/1981,,59309,,"Jiles, Osinski"
854,,8/10/1997,,98448,,"Ama, Hilll"
729,,1/25/1971,TE,66703,,"Abril, Hansen"
745,M,1/11/1995,PE,109304,,"Stephenie, White"
847,F,2/18/1999,PE,80614,,"Cory, Funk"
749,M,8/15/1979,PE,91162,,"Berneice, Wilkinson"
777,,3/24/1976,PE,78911,,"Charlsie, Schuppe"
229,,4/28/1975,,69936,,"Octave, Grant"
176,F,6/28/1982,PE,105640,,"Breonna, Schaefer"
517,F,1/9/1971,PE,149670,,"Ashley, Emard"
163,M,12/18/1983,PE,89910,,"Offie, Bernier"
191,F,10/29/1994,TE,83935,,"Denice, Hand"
775,F,8/5/1991,PE,100598,,"Verna, Kunze"
191,F,8/3/1991,PE,55690,,"Jacquez, Halvorson"
211,M,11/11/1972,PE,110521,,"Savon, Lubowitz"
936,,3/4/1970,PE,97777,,"Freda, Dare"
769,F,7/9/1993,TE,129321,,"Ardell, Carter"
719,F,12/31/1972,PE,72369,,"Leola, Schroeder"
213,F,1/12/1998,PE,124504,,"Willie, O'Keefe"
242,F,6/24/1984,PE,92830,,"Clemence, O'Connell"
930,M,1/5/1974,CA,142896,,"Joshuah, O'Keefe"
141,F,6/29/1973,PE,130265,,"Thurman, Bosco"
813,M,4/16/1971,CA,146821,,"Cyril, Fahey"
227,,7/29/1996,PE,145164,,"Xiomara, Armstrong"
62,M,3/28/1990,PE,56123,,"Jarred, Kilback"
476,F,12/21/1980,PE,87904,,"Claiborne, Lockman"
801,M,6/20/1988,,97382,,"Raven, Hammes"
362,,5/31/1992,PE,77757,,"Woodson, Dietrich"
452,M,2/3/1974,PE,114863,,"Brittaney, Wisoky"
321,M,2/19/1974,CA,128365,,"Lim, Schmitt"
80,F,12/21/1970,PE,116692,,"Adella, Hintz"
466,,7/28/1986,TE,144872,,"Isom, Hartmann"
884,F,10/23/1970,,59296,,"Nelly, Kiehn"
188,,,,,,
101,M,6/5/1997,PE,62462,,"Delvin, Schuppe"
720,F,2/20/1999,TE,61723,,"Alfred, Wiza"
73,M,7/25/1986,TE,112205,,"Gregorio, Christiansen"
599,F,12/29/1984,PE,58458,,"Echo, Lowe"
781,F,9/30/1970,CA,75400,,"Romeo, Kohler"
508,,6/30/1994,PE,130803,,"Ally, Turcotte"
415,M,6/7/1976,,81527,,"Quintin, Halvorson"
36,,9/29/1996,TE,139432,,"Lukas, Kunze"
584,,5/13/1989,TE,82247,,"Kymani, Erdman"
516,,11/17/1977,CA,115952,,"Sherrie, Parker"
277,F,12/21/1971,PE,65794,,"Meta, Denesik"
5,F,3/16/1974,PE,103614,,"Christopher, D'Amore"
790,F,7/4/1974,,72728,,"Johnny, Wehner"
21,M,12/19/1992,PE,131575,,"Ezequiel, Baumbach"
747,M,3/23/1998,PE,90608,,"Charley, Hessel"
137,M,5/22/1998,PE,106134,,"Winston, Sipes"
600,M,7/6/1974,,105188,,"Lani, Lang"
269,F,4/1/1981,,100427,,"Kiya, Reynolds"
222,F,5/13/1983,,85858,,"Beckie, Welch"
73,F,1/23/1980,,117282,,"Brandon, Stokes"
681,F,9/23/1985,PE,110676,,"Kassie, Rogahn"
459,F,5/15/1995,PE,58088,,"Claiborne, Kuhn"
710,M,7/26/1985,,131732,,"Noreen, Bayer"
814,M,5/16/1989,PE,62362,,"Chaya, Zboncak"
267,M,10/27/1979,PE,121358,,"Eliot, Johnston"
765,,6/17/1994,TE,95144,,"Kristen, Bechtelar"
666,,1/24/1984,TE,141005,,"Alysha, Greenholt"
910,F,1/27/1977,,79325,,"Dereck, Jacobson"
583,F,10/28/1982,PE,136284,,"Mabel, O'Hara"
985,F,8/17/1990,PE,104396,,"Elba, Predovic"
735,F,7/24/1994,CA,77156,,"Lucius, Kautzer"
947,M,1/19/1970,PE,138064,,"Kirby, Schmitt"
57,M,8/9/1996,PE,114066,,"Jamin, Gerhold"
866,M,9/21/1992,PE,55730,,"Evonne, Conn"
126,M,4/6/1979,CA,90315,,"Redmond, Zieme"
886,F,4/26/1975,,119200,,"Ambers, Bergstrom"
149,F,12/11/1990,PE,57102,,"Sheilah, Hoeger"
460,,11/30/1996,PE,107436,,"Erin, Schmidt"
928,M,8/21/1999,PE,71422,,"West, Blanda"
396,F,8/6/1987,CA,110232,,"Rudolfo, Schumm"
640,F,12/18/1975,PE,120068,,"Clint, Feil"
784,F,5/22/1984,PE,146078,,"Duard, Reichert"
254,F,4/9/1989,CA,79301,,"Leonor, Reynolds"
814,F,1/11/1996,PE,72613,,"Laddie, Stroman"
124,F,2/3/1976,,117636,,"Edrie, Wilderman"
873,F,4/17/1972,CA,108987,,"Minta, Schmitt"
337,,5/14/1973,PE,141437,,"Carlota, Ruecker"
147,M,9/10/1972,PE,146652,,"Bryan, Schulist"
889,F,6/27/1977,PE,127310,,"Zechariah, Will"
354,F,1/10/1980,PE,100738,,"Levon, Reinger"
980,M,1/2/1990,TE,136427,,"Gisselle, Goodwin"
328,F,5/5/1996,CA,121584,,"Randal, Greenholt"
207,M,4/29/1984,TE,84350,,"TRUE, Mante"
517,,7/21/1991,,129401,,"Dinah, Ortiz"
281,F,5/18/1978,,67293,,"Simon, Ortiz"
390,M,1/2/1990,PE,149941,,"Rosanne, Kihn"
309,,7/12/1974,TE,118988,,"Beatriz, Brakus"
637,F,6/12/1985,PE,117873,,"Iyanna, Bauch"
217,M,6/21/1997,,83567,,"Ryann, Mertz"
480,,4/27/1996,PE,95139,,"Guss, Schultz"
690,F,8/6/1978,PE,113054,,"Dejah, Mertz"
492,M,10/4/1981,PE,58334,,"Irl, Okuneva"
126,,1/16/1974,PE,121744,,"Rayfield, Armstrong"
797,F,11/2/1992,TE,121636,,"Oline, Bednar"
679,M,3/22/1982,,138310,,"Marie, Gibson"
217,F,5/20/1992,PE,118067,,"Adrian, Christiansen"
775,F,5/17/1988,PE,92425,,"Anfernee, Mitchell"
599,F,4/12/1982,TE,127064,,"Joshuah, Walker"
908,F,8/2/1995,,104029,,"Angella, Stanton"
824,F,8/7/1978,TE,140012,,"Mathilda, Cormier"
698,M,6/19/1979,PE,138143,,"Elvis, Kunze"
841,F,3/8/1983,PE,76742,,"Sarai, Heidenreich"
54,M,6/27/1991,PE,133885,,"Keandre, Herzog"
818,M,12/5/1970,TE,99191,,"Mikeal, Deckow"
792,F,11/26/1974,PE,120863,,"Akeem, Mann"
906,,6/27/1987,PE,136597,,"Augustin, Bins"
751,,10/29/1984,TE,70713,,"Eric, Gislason"
43,F,7/29/1996,CA,105292,,"Montel, Kunde"
628,,7/2/1983,CA,128515,,"Lucretia, Shanahan"
749,F,11/28/1988,TE,146475,,"Drake, Conroy"
134,,11/23/1986,,148986,,"Seth, Schuppe"
623,F,2/10/1971,PE,145009,,"Tyrique, Gusikowski"
430,,2/8/1995,PE,80348,,"Stephan, Streich"
490,F,4/29/1971,,77730,,"Beula, Koss"
669,,12/20/1988,PE,108479,,"Evaline, Bashirian"
920,M,9/26/1972,PE,124033,,"Devan, Harris"
291,,11/25/1980,PE,146171,,"Berneice, Powlowski"
363,F,6/27/1996,PE,117535,,"Moody, Padberg"
378,,11/18/1970,PE,126739,,"Jeannine, Hyatt"
710,M,10/15/1971,TE,147143,,"Jaycee, Koss"
151,M,1/15/1999,PE,108002,,"Truman, Hansen"
994,M,11/16/1994,,78682,,"Gertie, Veum"
430,,2/23/1971,TE,119608,,"Octavia, Schaefer"
185,M,1/27/1991,PE,96328,,"Thomas, Leffler"
222,F,12/16/1986,PE,74409,,"Caddie, Toy"
921,M,4/28/1993,PE,70790,,"Kory, Luettgen"
218,,4/6/1975,CA,143624,,"Kaiden, Hayes"
666,F,5/30/1999,,87013,,"Ross, Konopelski"
809,F,11/2/1977,PE,93584,,"Milas, Williamson"
233,,7/7/1995,PE,74990,,"Leo, Bartell"
607,F,11/18/1971,,128312,,"Stuart, Cronin"
780,M,7/6/1972,PE,63224,,"Elaine, Von"
542,M,1/6/1980,PE,76821,,"Casimer, Reynolds"
75,F,11/8/1980,TE,68757,,"Kayson, Towne"
166,M,10/27/1977,TE,126848,,"Ailene, Bradtke"
780,M,2/25/1979,PE,64791,,"Hailey, Luettgen"
660,F,12/4/1986,,118321,,"Rebekah, Ullrich"
590,F,3/9/1999,TE,85004,,"Santana, Jones"
214,F,12/31/1983,PE,140985,,"Debbie, Bayer"
34,F,5/5/1973,PE,61059,,"Danyel, Considine"
79,M,10/30/1988,,72049,,"Dorsey, Zemlak"
590,F,2/18/1984,,85806,,"Deidre, Graham"
233,M,12/15/1970,CA,57111,,"Bryce, Beatty"
860,M,4/7/1972,TE,123495,,"Tera, Glover"
731,M,6/1/1990,,80828,,"Abraham, Botsford"
189,,7/10/1982,PE,80576,,"Clarke, Block"
668,F,12/23/1970,PE,119203,,"Karrie, Prosacco"
160,M,4/28/1989,PE,138123,,"Daniele, Kassulke"
56,M,4/11/1976,PE,148561,,"Seth, Rippin"
406,F,10/28/1971,PE,121373,,"Vida, Hintz"
91,M,1/19/1992,,104223,,"Glennis, Abshire"
743,F,4/6/1975,,60560,,"Dessa, Crona"
767,M,2/26/1979,PE,109423,,"Joshua, Renner"
88,F,7/10/1983,PE,141141,,"Tempie, Heller"
419,F,10/8/1998,PE,84696,,"Tari, Waelchi"
724,M,1/26/1979,PE,126024,,"Gunnar, Prosacco"
607,F,1/11/1975,PE,136728,,"Alto, Wisozk"
792,F,12/30/1989,PE,56949,,"Nanci, Schuppe"
367,,1/3/1979,PE,55215,,"Kerwin, Purdy"
835,M,2/15/1997,,93548,,"Olar, Pagac"
260,M,8/24/1984,PE,134543,,"Karley, Hahn"
772,F,11/11/1974,PE,73168,,"Linsey, Grant"
36,M,10/4/1992,,66278,,"Callie, Lesch"
699,F,12/16/1995,PE,100276,,"Gloria, Treutel"
544,,4/6/1977,PE,93206,,"Henrietta, Greenholt"
931,F,11/24/1972,PE,95217,,"Sommer, Johnston"
995,M,5/25/1974,PE,132008,,"Diamond, Corkery"
893,M,2/21/1972,CA,126051,,"Cheyenne, Schroeder"
301,F,3/15/1982,PE,55945,,"Jimmie, Wisoky"
95,M,12/3/1972,PE,146698,,"Jase, Dibbert"
819,,4/21/1998,CA,98343,,"Jed, Casper"
137,,6/20/1989,PE,103499,,"Rosco, Lynch"
562,F,1/25/1977,PE,83631,,"Alpheus, Mayer"
385,M,2/19/1995,TE,98078,,"Marina, Stark"
97,M,7/13/1980,CA,100740,,"Jonnie, McDermott"
916,,12/15/1976,PE,142640,,"Jerrad, Orn"
762,M,4/11/1991,CA,88134,,"Fitzgerald, Welch"
308,F,12/29/1988,PE,146691,,"Elberta, Harvey"
799,M,9/16/1988,PE,98463,,"Valentino, Hudson"
606,F,12/26/1987,CA,126589,,"Patty, Swift"
712,,12/25/1983,CA,66592,,"Dann, Crooks"
132,M,3/1/1971,CA,127966,,"Maxim, Orn"
126,M,3/7/1976,CA,60712,,"Kimberli, Walter"
277,F,2/19/1989,PE,103606,,"Talmage, Bartell"
960,M,4/1/1993,PE,127405,,"Laurie, Nienow"
